Model,Accuracy,Precision,Recall,F1-Score
Gradient Boosting,0.984304932735426,0.9842815724322225,0.984304932735426,0.984287302218616
Random Forest,0.9618834080717489,0.961979157199945,0.9618834080717489,0.9619255737177612
Logistic Regression,0.9506726457399103,0.9504025669001337,0.9506726457399103,0.9504458699445198
