Cluster,Size,Percentage,Avg_Silhouette,Avg_Stability
0,1576,70.7,0.32581768843479925,0.9258248730964467
1,653,29.3,0.570666553632099,0.8151607963246553
