Component,Variance_Explained,Cumulative_Variance
1,0.9984679147214026,0.9984679147214026
